Date,Price,btc,bitcoin,cryptocurrency
11/17/2013 0:00,433.53,9,12,0
11/18/2013 0:00,583.16,9,12,0
11/19/2013 0:00,583.16,9,12,0
11/20/2013 0:00,595,9,12,0
11/21/2013 0:00,595,9,12,0
11/22/2013 0:00,761,9,12,0
11/23/2013 0:00,761,9,12,0
11/24/2013 0:00,833.16,9,14,1
11/25/2013 0:00,833.16,9,14,1
11/26/2013 0:00,844.9,9,14,1
11/27/2013 0:00,844.9,9,14,1
11/28/2013 0:00,1009,9,14,1
11/29/2013 0:00,1009,9,14,1
11/30/2013 0:00,1119.96,9,14,1
12/1/2013 0:00,1119.96,9,14,1
12/2/2013 0:00,992.27,9,14,1
12/3/2013 0:00,992.27,9,14,1
12/4/2013 0:00,1151,9,14,1
12/5/2013 0:00,1151,9,14,1
12/6/2013 0:00,894,9,14,1
12/7/2013 0:00,894,9,14,1
12/8/2013 0:00,722.99,7,10,1
12/9/2013 0:00,722.99,7,10,1
12/10/2013 0:00,936.98,7,10,1
12/11/2013 0:00,936.98,7,10,1
12/12/2013 0:00,845.75,7,10,1
12/13/2013 0:00,845.75,7,10,1
12/14/2013 0:00,864.7,7,10,1
12/15/2013 0:00,864.7,8,10,1
12/16/2013 0:00,709,8,10,1
12/17/2013 0:00,709,8,10,1
12/18/2013 0:00,576.16,8,10,1
12/19/2013 0:00,576.16,8,10,1
12/20/2013 0:00,660,8,10,1
12/21/2013 0:00,660,8,10,1
12/22/2013 0:00,637,6,7,1
12/23/2013 0:00,637,6,7,1
12/24/2013 0:00,647.27,6,7,1
12/25/2013 0:00,647.27,6,7,1
12/26/2013 0:00,734.42,6,7,1
12/27/2013 0:00,734.42,6,7,1
12/28/2013 0:00,701.61,6,7,1
12/29/2013 0:00,701.61,6,6,1
12/30/2013 0:00,739.1,6,6,1
12/31/2013 0:00,739.1,6,6,1
1/1/2014 0:00,746.9,6,6,1
1/2/2014 0:00,746.9,6,6,1
1/3/2014 0:00,806.21,6,6,1
1/4/2014 0:00,806.21,6,6,1
1/5/2014 0:00,896,6,7,1
1/6/2014 0:00,896,6,7,1
1/7/2014 0:00,867.38,6,7,1
1/8/2014 0:00,867.38,6,7,1
1/9/2014 0:00,809.17,6,7,1
1/10/2014 0:00,809.17,6,7,1
1/11/2014 0:00,891.85,6,7,1
1/12/2014 0:00,891.85,6,6,1
1/13/2014 0:00,807.83,6,6,1
1/14/2014 0:00,807.83,6,6,1
1/15/2014 0:00,847.7,6,6,1
1/16/2014 0:00,847.7,6,6,1
1/17/2014 0:00,793,6,6,1
1/18/2014 0:00,793,6,6,1
1/19/2014 0:00,833,6,6,1
1/20/2014 0:00,833,6,6,1
1/21/2014 0:00,822.56,6,6,1
1/22/2014 0:00,822.56,6,6,1
1/23/2014 0:00,813.02,6,6,1
1/24/2014 0:00,813.02,6,6,1
1/25/2014 0:00,806,6,6,1
1/26/2014 0:00,806,6,6,1
1/27/2014 0:00,777,6,6,1
1/28/2014 0:00,777,6,6,1
1/29/2014 0:00,803.6,6,6,1
1/30/2014 0:00,803.6,6,6,1
1/31/2014 0:00,802.5,6,6,1
2/1/2014 0:00,802.5,6,6,1
2/2/2014 0:00,819.57,7,6,1
2/3/2014 0:00,819.57,7,6,1
2/4/2014 0:00,809.05,7,6,1
2/5/2014 0:00,809.05,7,6,1
2/6/2014 0:00,778,7,6,1
2/7/2014 0:00,778,7,6,1
2/8/2014 0:00,707,7,6,1
2/9/2014 0:00,707,7,7,1
2/10/2014 0:00,665,7,7,1
2/11/2014 0:00,665,7,7,1
2/12/2014 0:00,667.01,7,7,1
2/13/2014 0:00,667.01,7,7,1
2/14/2014 0:00,672.1,7,7,1
2/15/2014 0:00,672.1,7,7,1
2/16/2014 0:00,623.5,6,6,1
2/17/2014 0:00,623.5,6,6,1
2/18/2014 0:00,626.77,6,6,1
2/19/2014 0:00,626.77,6,6,1
2/20/2014 0:00,582.7,6,6,1
2/21/2014 0:00,582.7,6,6,1
2/22/2014 0:00,603.98,6,6,1
2/23/2014 0:00,603.98,6,10,1
2/24/2014 0:00,545,6,10,1
2/25/2014 0:00,545,6,10,1
2/26/2014 0:00,585.38,6,10,1
2/27/2014 0:00,585.38,6,10,1
2/28/2014 0:00,577.97,6,10,1
3/1/2014 0:00,577.97,6,10,1
3/2/2014 0:00,559.88,6,9,1
3/3/2014 0:00,559.88,6,9,1
3/4/2014 0:00,677.61,6,9,1
3/5/2014 0:00,677.61,6,9,1
3/6/2014 0:00,657.02,6,9,1
3/7/2014 0:00,657.02,6,9,1
3/8/2014 0:00,609,6,9,1
3/9/2014 0:00,609,6,5,1
3/10/2014 0:00,621.99,6,5,1
3/11/2014 0:00,621.99,6,5,1
3/12/2014 0:00,642.1,6,5,1
3/13/2014 0:00,642.1,6,5,1
3/14/2014 0:00,636.47,6,5,1
3/15/2014 0:00,636.47,6,5,1
3/16/2014 0:00,634.94,5,4,1
3/17/2014 0:00,634.94,5,4,1
3/18/2014 0:00,627,5,4,1
3/19/2014 0:00,627,5,4,1
3/20/2014 0:00,590,5,4,1
3/21/2014 0:00,590,5,4,1
3/22/2014 0:00,557,5,4,1
3/23/2014 0:00,557,5,4,1
3/24/2014 0:00,572,5,4,1
3/25/2014 0:00,572,5,4,1
3/26/2014 0:00,585.7,5,4,1
3/27/2014 0:00,585.7,5,4,1
3/28/2014 0:00,503,5,4,1
3/29/2014 0:00,503,5,4,1
3/30/2014 0:00,449.02,4,4,1
3/31/2014 0:00,449.02,4,4,1
4/1/2014 0:00,479.51,4,4,1
4/2/2014 0:00,479.51,4,4,1
4/3/2014 0:00,446.31,4,4,1
4/4/2014 0:00,446.31,4,4,1
4/5/2014 0:00,451.84,4,4,1
4/6/2014 0:00,451.84,4,3,1
4/7/2014 0:00,447.74,4,3,1
4/8/2014 0:00,447.74,4,3,1
4/9/2014 0:00,443.1,4,3,1
4/10/2014 0:00,443.1,4,3,1
4/11/2014 0:00,427.99,4,3,1
4/12/2014 0:00,427.99,4,3,1
4/13/2014 0:00,405,4,3,1
4/14/2014 0:00,405,4,3,1
4/15/2014 0:00,489.91,4,3,1
4/16/2014 0:00,489.91,4,3,1
4/17/2014 0:00,495,4,3,1
4/18/2014 0:00,495,4,3,1
4/19/2014 0:00,499.9,4,3,1
4/20/2014 0:00,499.9,4,3,1
4/21/2014 0:00,496.5,4,3,1
4/22/2014 0:00,496.5,4,3,1
4/23/2014 0:00,487.3,4,3,1
4/24/2014 0:00,487.3,4,3,1
4/25/2014 0:00,459.15,4,3,1
4/26/2014 0:00,459.15,4,3,1
4/27/2014 0:00,440.1,4,2,1
4/28/2014 0:00,440.1,4,2,1
4/29/2014 0:00,447.7,4,2,1
4/30/2014 0:00,447.7,4,2,1
5/1/2014 0:00,460.01,4,2,1
5/2/2014 0:00,460.01,4,2,1
5/3/2014 0:00,434.5,4,2,1
5/4/2014 0:00,434.5,4,2,0
5/5/2014 0:00,427.83,4,2,0
5/6/2014 0:00,427.83,4,2,0
5/7/2014 0:00,446.65,4,2,0
5/8/2014 0:00,446.65,4,2,0
5/9/2014 0:00,452.02,4,2,0
5/10/2014 0:00,452.02,4,2,0
5/11/2014 0:00,435,3,2,0
5/12/2014 0:00,435,3,2,0
5/13/2014 0:00,438.95,3,2,0
5/14/2014 0:00,438.95,3,2,0
5/15/2014 0:00,448.99,3,2,0
5/16/2014 0:00,448.99,3,2,0
5/17/2014 0:00,449.08,3,2,0
5/18/2014 0:00,449.08,4,2,1
5/19/2014 0:00,446.42,4,2,1
5/20/2014 0:00,446.42,4,2,1
5/21/2014 0:00,494.87,4,2,1
5/22/2014 0:00,494.87,4,2,1
5/23/2014 0:00,527.47,4,2,1
5/24/2014 0:00,527.47,4,2,1
5/25/2014 0:00,575,5,3,0
5/26/2014 0:00,575,5,3,0
5/27/2014 0:00,581.87,5,3,0
5/28/2014 0:00,581.87,5,3,0
5/29/2014 0:00,568,5,3,0
5/30/2014 0:00,568,5,3,0
5/31/2014 0:00,620.45,5,3,0
6/1/2014 0:00,620.45,4,3,1
6/2/2014 0:00,631.49,4,3,1
6/3/2014 0:00,631.49,4,3,1
6/4/2014 0:00,644.66,4,3,1
6/5/2014 0:00,644.66,4,3,1
6/6/2014 0:00,655.75,4,3,1
6/7/2014 0:00,655.75,4,3,1
6/8/2014 0:00,652,4,3,0
6/9/2014 0:00,652,4,3,0
6/10/2014 0:00,649.89,4,3,0
6/11/2014 0:00,649.89,4,3,0
6/12/2014 0:00,617,4,3,0
6/13/2014 0:00,617,4,3,0
6/14/2014 0:00,557.92,4,3,0
6/15/2014 0:00,557.92,4,3,1
6/16/2014 0:00,595,4,3,1
6/17/2014 0:00,595,4,3,1
6/18/2014 0:00,604.6,4,3,1
6/19/2014 0:00,604.6,4,3,1
6/20/2014 0:00,593.33,4,3,1
6/21/2014 0:00,593.33,4,3,1
6/22/2014 0:00,596.08,4,2,0
6/23/2014 0:00,596.08,4,2,0
6/24/2014 0:00,585.54,4,2,0
6/25/2014 0:00,585.54,4,2,0
6/26/2014 0:00,569,4,2,0
6/27/2014 0:00,569,4,2,0
6/28/2014 0:00,597.08,4,2,0
6/29/2014 0:00,597.08,5,2,0
6/30/2014 0:00,620,5,2,0
7/1/2014 0:00,620,5,2,0
7/2/2014 0:00,654,5,2,0
7/3/2014 0:00,654,5,2,0
7/4/2014 0:00,635.49,5,2,0
7/5/2014 0:00,635.49,5,2,0
7/6/2014 0:00,634.49,5,2,0
7/7/2014 0:00,634.49,5,2,0
7/8/2014 0:00,623.7,5,2,0
7/9/2014 0:00,623.7,5,2,0
7/10/2014 0:00,619.78,5,2,0
7/11/2014 0:00,619.78,5,2,0
7/12/2014 0:00,631.98,5,2,0
7/13/2014 0:00,631.98,5,2,0
7/14/2014 0:00,622.8,5,2,0
7/15/2014 0:00,622.8,5,2,0
7/16/2014 0:00,619.48,5,2,0
7/17/2014 0:00,619.48,5,2,0
7/18/2014 0:00,629.86,5,2,0
7/19/2014 0:00,629.86,5,2,0
7/20/2014 0:00,623.77,4,2,0
7/21/2014 0:00,623.77,4,2,0
7/22/2014 0:00,621.03,4,2,0
7/23/2014 0:00,621.03,4,2,0
7/24/2014 0:00,601.18,4,2,0
7/25/2014 0:00,601.18,4,2,0
7/26/2014 0:00,595.88,4,2,0
7/27/2014 0:00,595.88,5,2,0
7/28/2014 0:00,586.96,5,2,0
7/29/2014 0:00,586.96,5,2,0
7/30/2014 0:00,573.48,5,2,0
7/31/2014 0:00,573.48,5,2,0
8/1/2014 0:00,601.94,5,2,0
8/2/2014 0:00,601.94,5,2,0
8/3/2014 0:00,589.79,5,2,1
8/4/2014 0:00,589.79,5,2,1
8/5/2014 0:00,580.21,5,2,1
8/6/2014 0:00,580.21,5,2,1
8/7/2014 0:00,587.24,5,2,1
8/8/2014 0:00,587.24,5,2,1
8/9/2014 0:00,588.61,5,2,1
8/10/2014 0:00,588.61,5,3,0
8/11/2014 0:00,578.97,5,3,0
8/12/2014 0:00,578.97,5,3,0
8/13/2014 0:00,550.14,5,3,0
8/14/2014 0:00,550.14,5,3,0
8/15/2014 0:00,498.16,5,3,0
8/16/2014 0:00,498.16,5,3,0
8/17/2014 0:00,491.88,5,3,0
8/18/2014 0:00,491.88,5,3,0
8/19/2014 0:00,487.5,5,3,0
8/20/2014 0:00,487.5,5,3,0
8/21/2014 0:00,525.78,5,3,0
8/22/2014 0:00,525.78,5,3,0
8/23/2014 0:00,503.88,5,3,0
8/24/2014 0:00,503.88,5,2,0
8/25/2014 0:00,503.79,5,2,0
8/26/2014 0:00,503.79,5,2,0
8/27/2014 0:00,514.84,5,2,0
8/28/2014 0:00,514.84,5,2,0
8/29/2014 0:00,511.99,5,2,0
8/30/2014 0:00,511.99,5,2,0
8/31/2014 0:00,477.98,5,2,0
9/1/2014 0:00,477.98,5,2,0
9/2/2014 0:00,483.65,5,2,0
9/3/2014 0:00,483.65,5,2,0
9/4/2014 0:00,486,5,2,0
9/5/2014 0:00,486,5,2,0
9/6/2014 0:00,481.09,5,2,0
9/7/2014 0:00,481.09,4,3,0
9/8/2014 0:00,476.61,4,3,0
9/9/2014 0:00,476.61,4,3,0
9/10/2014 0:00,485.03,4,3,0
9/11/2014 0:00,485.03,4,3,0
9/12/2014 0:00,470.43,4,3,0
9/13/2014 0:00,470.43,4,3,0
9/14/2014 0:00,475.49,5,2,0
9/15/2014 0:00,475.49,5,2,0
9/16/2014 0:00,468,5,2,0
9/17/2014 0:00,468,5,2,0
9/18/2014 0:00,428.19,5,2,0
9/19/2014 0:00,428.19,5,2,0
9/20/2014 0:00,415.56,5,2,0
9/21/2014 0:00,415.56,5,2,0
9/22/2014 0:00,400.98,5,2,0
9/23/2014 0:00,400.98,5,2,0
9/24/2014 0:00,431.91,5,2,0
9/25/2014 0:00,431.91,5,2,0
9/26/2014 0:00,405.14,5,2,0
9/27/2014 0:00,405.14,5,2,0
9/28/2014 0:00,380,5,2,0
9/29/2014 0:00,380,5,2,0
9/30/2014 0:00,382.67,5,2,0
10/1/2014 0:00,382.67,5,2,0
10/2/2014 0:00,375.85,5,2,0
10/3/2014 0:00,375.85,5,2,0
10/4/2014 0:00,336,5,2,0
10/5/2014 0:00,336,5,3,0
10/6/2014 0:00,331.2,5,3,0
10/7/2014 0:00,331.2,5,3,0
10/8/2014 0:00,346.26,5,3,0
10/9/2014 0:00,346.26,5,3,0
10/10/2014 0:00,358.97,5,3,0
10/11/2014 0:00,358.97,5,3,0
10/12/2014 0:00,364.83,7,2,0
10/13/2014 0:00,364.83,7,2,0
10/14/2014 0:00,411.89,7,2,0
10/15/2014 0:00,411.89,7,2,0
10/16/2014 0:00,378.02,7,2,0
10/17/2014 0:00,378.02,7,2,0
10/18/2014 0:00,389.68,7,2,0
10/19/2014 0:00,389.68,6,2,0
10/20/2014 0:00,384.95,6,2,0
10/21/2014 0:00,384.95,6,2,0
10/22/2014 0:00,385.1,6,2,0
10/23/2014 0:00,385.1,6,2,0
10/24/2014 0:00,358.46,6,2,0
10/25/2014 0:00,358.46,6,2,0
10/26/2014 0:00,355.43,6,2,0
10/27/2014 0:00,355.43,6,2,0
10/28/2014 0:00,354.94,6,2,0
10/29/2014 0:00,354.94,6,2,0
10/30/2014 0:00,337,6,2,0
10/31/2014 0:00,337,6,2,0
11/1/2014 0:00,327.39,6,2,0
11/2/2014 0:00,327.39,5,2,0
11/3/2014 0:00,325.81,5,2,0
11/4/2014 0:00,325.81,5,2,0
11/5/2014 0:00,341.99,5,2,0
11/6/2014 0:00,341.99,5,2,0
11/7/2014 0:00,342.26,5,2,0
11/8/2014 0:00,342.26,5,2,0
11/9/2014 0:00,356.34,5,3,0
11/10/2014 0:00,356.34,5,3,0
11/11/2014 0:00,365.04,5,3,0
11/12/2014 0:00,365.04,5,3,0
11/13/2014 0:00,406.56,5,3,0
11/14/2014 0:00,406.56,5,3,0
11/15/2014 0:00,373.14,5,3,0
11/16/2014 0:00,373.14,5,2,0
11/17/2014 0:00,378.48,5,2,0
11/18/2014 0:00,378.48,5,2,0
11/19/2014 0:00,374.77,5,2,0
11/20/2014 0:00,374.77,5,2,0
11/21/2014 0:00,356.9,5,2,0
11/22/2014 0:00,356.9,5,2,0
11/23/2014 0:00,362.99,5,2,0
11/24/2014 0:00,362.99,5,2,0
11/25/2014 0:00,381.03,5,2,0
11/26/2014 0:00,381.03,5,2,0
11/27/2014 0:00,372.62,5,2,0
11/28/2014 0:00,372.62,5,2,0
11/29/2014 0:00,377.22,5,2,0
11/30/2014 0:00,377.22,5,2,0
12/1/2014 0:00,381.72,5,2,0
12/2/2014 0:00,381.72,5,2,0
12/3/2014 0:00,378.25,5,2,0
12/4/2014 0:00,378.25,5,2,0
12/5/2014 0:00,373.98,5,2,0
12/6/2014 0:00,373.98,5,2,0
12/7/2014 0:00,375.73,5,2,0
12/8/2014 0:00,375.73,5,2,0
12/9/2014 0:00,350.29,5,2,0
12/10/2014 0:00,350.29,5,2,0
12/11/2014 0:00,356.1,5,2,0
12/12/2014 0:00,356.1,5,2,0
12/13/2014 0:00,350.31,5,2,0
12/14/2014 0:00,350.31,6,2,0
12/15/2014 0:00,352.15,6,2,0
12/16/2014 0:00,352.15,6,2,0
12/17/2014 0:00,318.2,6,2,0
12/18/2014 0:00,318.2,6,2,0
12/19/2014 0:00,317.63,6,2,0
12/20/2014 0:00,317.63,6,2,0
12/21/2014 0:00,326.93,5,3,0
12/22/2014 0:00,326.93,5,3,0
12/23/2014 0:00,336.96,5,3,0
12/24/2014 0:00,336.96,5,3,0
12/25/2014 0:00,319.31,5,3,0
12/26/2014 0:00,319.31,5,3,0
12/27/2014 0:00,314.45,5,3,0
12/28/2014 0:00,314.45,6,2,0
12/29/2014 0:00,314.49,6,2,0
12/30/2014 0:00,314.49,6,2,0
12/31/2014 0:00,317.4,6,2,0
1/1/2015 0:00,317.4,6,2,0
1/2/2015 0:00,316.15,6,2,0
1/3/2015 0:00,316.15,6,2,0
1/4/2015 0:00,270.93,6,3,0
1/5/2015 0:00,270.93,6,3,0
1/6/2015 0:00,276.8,6,3,0
1/7/2015 0:00,276.8,6,3,0
1/8/2015 0:00,276.8,6,3,0
1/9/2015 0:00,276.8,6,3,0
1/10/2015 0:00,278,6,3,0
1/11/2015 0:00,278,6,3,0
1/12/2015 0:00,270,6,3,0
1/13/2015 0:00,270,6,3,0
1/14/2015 0:00,176.5,6,3,0
1/15/2015 0:00,176.5,6,3,0
1/16/2015 0:00,205.35,6,3,0
1/17/2015 0:00,205.35,6,3,0
1/18/2015 0:00,211.18,7,2,0
1/19/2015 0:00,211.18,7,2,0
1/20/2015 0:00,212.99,7,2,0
1/21/2015 0:00,212.99,7,2,0
1/22/2015 0:00,233.9,7,2,0
1/23/2015 0:00,233.9,7,2,0
1/24/2015 0:00,244.64,7,2,0
1/25/2015 0:00,244.64,6,2,0
1/26/2015 0:00,271.47,6,2,0
1/27/2015 0:00,271.47,6,2,0
1/28/2015 0:00,249.25,6,2,0
1/29/2015 0:00,249.25,6,2,0
1/30/2015 0:00,230.11,6,2,0
1/31/2015 0:00,230.11,6,2,0
2/1/2015 0:00,220.72,5,2,0
2/2/2015 0:00,220.72,5,2,0
2/3/2015 0:00,236.51,5,2,0
2/4/2015 0:00,236.51,5,2,0
2/5/2015 0:00,217.37,5,2,0
2/6/2015 0:00,217.37,5,2,0
2/7/2015 0:00,225.16,5,2,0
2/8/2015 0:00,225.16,5,2,0
2/9/2015 0:00,220.39,5,2,0
2/10/2015 0:00,220.39,5,2,0
2/11/2015 0:00,221.99,5,2,0
2/12/2015 0:00,221.99,5,2,0
2/13/2015 0:00,239.94,5,2,0
2/14/2015 0:00,239.94,5,2,0
2/15/2015 0:00,243.99,6,2,0
2/16/2015 0:00,243.99,6,2,0
2/17/2015 0:00,244,6,2,0
2/18/2015 0:00,244,6,2,0
2/19/2015 0:00,241.59,6,2,0
2/20/2015 0:00,241.59,6,2,0
2/21/2015 0:00,245.66,6,2,0
2/22/2015 0:00,245.66,5,2,0
2/23/2015 0:00,237.09,5,2,0
2/24/2015 0:00,237.09,5,2,0
2/25/2015 0:00,238.59,5,2,0
2/26/2015 0:00,238.59,5,2,0
2/27/2015 0:00,254,5,2,0
2/28/2015 0:00,254,5,2,0
3/1/2015 0:00,247.56,5,2,0
3/2/2015 0:00,247.56,5,2,0
3/3/2015 0:00,275.8,5,2,0
3/4/2015 0:00,275.8,5,2,0
3/5/2015 0:00,265.63,5,2,0
3/6/2015 0:00,265.63,5,2,0
3/7/2015 0:00,275.83,5,2,0
3/8/2015 0:00,275.83,6,2,0
3/9/2015 0:00,287.48,6,2,0
3/10/2015 0:00,287.48,6,2,0
3/11/2015 0:00,293.29,6,2,0
3/12/2015 0:00,293.29,6,2,0
3/13/2015 0:00,289.51,6,2,0
3/14/2015 0:00,289.51,6,2,0
3/15/2015 0:00,283.57,7,2,0
3/16/2015 0:00,283.57,7,2,0
3/17/2015 0:00,287.02,7,2,0
3/18/2015 0:00,287.02,7,2,0
3/19/2015 0:00,260.62,7,2,0
3/20/2015 0:00,260.62,7,2,0
3/21/2015 0:00,257.83,7,2,0
3/22/2015 0:00,257.83,5,2,0
3/23/2015 0:00,266.07,5,2,0
3/24/2015 0:00,266.07,5,2,0
3/25/2015 0:00,245.68,5,2,0
3/26/2015 0:00,245.68,5,2,0
3/27/2015 0:00,248.63,5,2,0
3/28/2015 0:00,248.63,5,2,0
3/29/2015 0:00,244.05,5,2,0
3/30/2015 0:00,244.05,5,2,0
3/31/2015 0:00,242.92,5,2,0
4/1/2015 0:00,242.92,5,2,0
4/2/2015 0:00,252.44,5,2,0
4/3/2015 0:00,252.44,5,2,0
4/4/2015 0:00,253.77,5,2,0
4/5/2015 0:00,253.77,5,2,0
4/6/2015 0:00,254.7,5,2,0
4/7/2015 0:00,254.7,5,2,0
4/8/2015 0:00,245.89,5,2,0
4/9/2015 0:00,245.89,5,2,0
4/10/2015 0:00,235.71,5,2,0
4/11/2015 0:00,235.71,5,2,0
4/12/2015 0:00,236.76,5,2,0
4/13/2015 0:00,236.76,5,2,0
4/14/2015 0:00,216,5,2,0
4/15/2015 0:00,216,5,2,0
4/16/2015 0:00,229.62,5,2,0
4/17/2015 0:00,229.62,5,2,0
4/18/2015 0:00,222.32,5,2,0
4/19/2015 0:00,222.32,4,2,0
4/20/2015 0:00,224.63,4,2,0
4/21/2015 0:00,224.63,4,2,0
4/22/2015 0:00,237.34,4,2,0
4/23/2015 0:00,237.34,4,2,0
4/24/2015 0:00,230.93,4,2,0
4/25/2015 0:00,230.93,4,2,0
4/26/2015 0:00,218.42,5,2,0
4/27/2015 0:00,218.42,5,2,0
4/28/2015 0:00,222.66,5,2,0
4/29/2015 0:00,222.66,5,2,0
4/30/2015 0:00,235.13,5,2,0
5/1/2015 0:00,235.13,5,2,0
5/2/2015 0:00,234.13,5,2,0
5/3/2015 0:00,234.13,5,2,0
5/4/2015 0:00,236.17,5,2,0
5/5/2015 0:00,236.17,5,2,0
5/6/2015 0:00,235.79,5,2,0
5/7/2015 0:00,235.79,5,2,0
5/8/2015 0:00,244.72,5,2,0
5/9/2015 0:00,244.72,5,2,0
5/10/2015 0:00,239.35,5,2,0
5/11/2015 0:00,239.35,5,2,0
5/12/2015 0:00,241.51,5,2,0
5/13/2015 0:00,241.51,5,2,0
5/14/2015 0:00,238.32,5,2,0
5/15/2015 0:00,238.32,5,2,0
5/16/2015 0:00,236.63,5,2,0
5/17/2015 0:00,236.63,5,2,0
5/18/2015 0:00,236.45,5,2,0
5/19/2015 0:00,236.45,5,2,0
5/20/2015 0:00,234.6,5,2,0
5/21/2015 0:00,234.6,5,2,0
5/22/2015 0:00,240.5,5,2,0
5/23/2015 0:00,240.5,5,2,0
5/24/2015 0:00,240.46,5,2,0
5/25/2015 0:00,240.46,5,2,0
5/26/2015 0:00,235.94,5,2,0
5/27/2015 0:00,235.94,5,2,0
5/28/2015 0:00,236.48,5,2,0
5/29/2015 0:00,236.48,5,2,0
5/30/2015 0:00,231.12,5,2,0
5/31/2015 0:00,231.12,5,2,0
6/1/2015 0:00,222.4,5,2,0
6/2/2015 0:00,222.4,5,2,0
6/3/2015 0:00,226.29,5,2,0
6/4/2015 0:00,226.29,5,2,0
6/5/2015 0:00,224.15,5,2,0
6/6/2015 0:00,224.15,5,2,0
6/7/2015 0:00,222.6,5,2,0
6/8/2015 0:00,222.6,5,2,0
6/9/2015 0:00,230.1,5,2,0
6/10/2015 0:00,230.1,5,2,0
6/11/2015 0:00,229,5,2,0
6/12/2015 0:00,229,5,2,0
6/13/2015 0:00,230.22,5,2,0
6/14/2015 0:00,230.22,5,2,0
6/15/2015 0:00,236.46,5,2,0
6/16/2015 0:00,236.46,5,2,0
6/17/2015 0:00,249.96,5,2,0
6/18/2015 0:00,249.96,5,2,0
6/19/2015 0:00,246.45,5,2,0
6/20/2015 0:00,246.45,5,2,0
6/21/2015 0:00,242.47,5,2,0
6/22/2015 0:00,242.47,5,2,0
6/23/2015 0:00,243.92,5,2,0
6/24/2015 0:00,243.92,5,2,0
6/25/2015 0:00,241.92,5,2,0
6/26/2015 0:00,241.92,5,2,0
6/27/2015 0:00,248.5,5,2,0
6/28/2015 0:00,248.5,6,2,0
6/29/2015 0:00,253.8,6,2,0
6/30/2015 0:00,253.8,6,2,0
7/1/2015 0:00,257.85,6,2,0
7/2/2015 0:00,257.85,6,2,0
7/3/2015 0:00,255.1,6,2,0
7/4/2015 0:00,255.1,6,2,0
7/5/2015 0:00,270.92,8,2,0
7/6/2015 0:00,270.92,8,2,0
7/7/2015 0:00,267.26,8,2,0
7/8/2015 0:00,267.26,8,2,0
7/9/2015 0:00,270.68,8,2,0
7/10/2015 0:00,270.68,8,2,0
7/11/2015 0:00,293.5,8,2,0
7/12/2015 0:00,293.5,8,2,0
7/13/2015 0:00,289.9,8,2,0
7/14/2015 0:00,289.9,8,2,0
7/15/2015 0:00,290.95,8,2,0
7/16/2015 0:00,290.95,8,2,0
7/17/2015 0:00,277.99,8,2,0
7/18/2015 0:00,277.99,8,2,0
7/19/2015 0:00,276.09,6,2,0
7/20/2015 0:00,276.09,6,2,0
7/21/2015 0:00,278.97,6,2,0
7/22/2015 0:00,278.97,6,2,0
7/23/2015 0:00,276.64,6,2,0
7/24/2015 0:00,276.64,6,2,0
7/25/2015 0:00,287.12,6,2,0
7/26/2015 0:00,287.12,9,2,0
7/27/2015 0:00,290.79,9,2,0
7/28/2015 0:00,290.79,9,2,0
7/29/2015 0:00,290.7,9,2,0
7/30/2015 0:00,290.7,9,2,0
7/31/2015 0:00,284.78,9,2,0
8/1/2015 0:00,284.78,9,2,0
8/2/2015 0:00,280.69,9,2,0
8/3/2015 0:00,280.69,9,2,0
8/4/2015 0:00,285,9,2,0
8/5/2015 0:00,285,9,2,0
8/6/2015 0:00,277.1,9,2,0
8/7/2015 0:00,277.1,9,2,0
8/8/2015 0:00,269.89,9,2,0
8/9/2015 0:00,269.89,8,2,0
8/10/2015 0:00,264.07,8,2,0
8/11/2015 0:00,264.07,8,2,0
8/12/2015 0:00,267.89,8,2,0
8/13/2015 0:00,267.89,8,2,0
8/14/2015 0:00,266.99,8,2,0
8/15/2015 0:00,266.99,8,2,0
8/16/2015 0:00,257.47,6,2,0
8/17/2015 0:00,257.47,6,2,0
8/18/2015 0:00,253.91,6,2,0
8/19/2015 0:00,253.91,6,2,0
8/20/2015 0:00,233.23,6,2,0
8/21/2015 0:00,233.23,6,2,0
8/22/2015 0:00,226.04,6,2,0
8/23/2015 0:00,226.04,6,2,0
8/24/2015 0:00,213.24,6,2,0
8/25/2015 0:00,213.24,6,2,0
8/26/2015 0:00,228.84,6,2,0
8/27/2015 0:00,228.84,6,2,0
8/28/2015 0:00,234.17,6,2,0
8/29/2015 0:00,234.17,6,2,0
8/30/2015 0:00,226.47,8,2,0
8/31/2015 0:00,226.47,8,2,0
9/1/2015 0:00,228.32,8,2,0
9/2/2015 0:00,228.32,8,2,0
9/3/2015 0:00,227.42,8,2,0
9/4/2015 0:00,227.42,8,2,0
9/5/2015 0:00,234.67,8,2,0
9/6/2015 0:00,234.67,16,2,0
9/7/2015 0:00,241.31,16,2,0
9/8/2015 0:00,241.31,16,2,0
9/9/2015 0:00,240.08,16,2,0
9/10/2015 0:00,240.08,16,2,0
9/11/2015 0:00,239.93,16,2,0
9/12/2015 0:00,239.93,16,2,0
9/13/2015 0:00,229.86,9,2,0
9/14/2015 0:00,229.86,9,2,0
9/15/2015 0:00,230,9,2,0
9/16/2015 0:00,230,9,2,0
9/17/2015 0:00,234,9,2,0
9/18/2015 0:00,234,9,2,0
9/19/2015 0:00,230.71,9,2,0
9/20/2015 0:00,230.71,11,2,0
9/21/2015 0:00,226.56,11,2,0
9/22/2015 0:00,226.56,11,2,0
9/23/2015 0:00,229.95,11,2,0
9/24/2015 0:00,229.95,11,2,0
9/25/2015 0:00,235.79,11,2,0
9/26/2015 0:00,235.79,11,2,0
9/27/2015 0:00,232.85,8,2,0
9/28/2015 0:00,232.85,8,2,0
9/29/2015 0:00,237.68,8,2,0
9/30/2015 0:00,237.68,8,2,0
10/1/2015 0:00,238.98,8,2,0
10/2/2015 0:00,238.98,8,2,0
10/3/2015 0:00,239.17,8,2,0
10/4/2015 0:00,239.17,8,2,0
10/5/2015 0:00,239.22,8,2,0
10/6/2015 0:00,239.22,8,2,0
10/7/2015 0:00,245.25,8,2,0
10/8/2015 0:00,245.25,8,2,0
10/9/2015 0:00,244.78,8,2,0
10/10/2015 0:00,244.78,8,2,0
10/11/2015 0:00,248.08,7,2,0
10/12/2015 0:00,248.08,7,2,0
10/13/2015 0:00,249.58,7,2,0
10/14/2015 0:00,249.58,7,2,0
10/15/2015 0:00,254.73,7,2,0
10/16/2015 0:00,254.73,7,2,0
10/17/2015 0:00,269.07,7,2,0
10/18/2015 0:00,269.07,6,2,0
10/19/2015 0:00,264.16,6,2,0
10/20/2015 0:00,264.16,6,2,0
10/21/2015 0:00,269.1,6,2,0
10/22/2015 0:00,269.1,6,2,0
10/23/2015 0:00,277.43,6,2,0
10/24/2015 0:00,277.43,6,2,0
10/25/2015 0:00,295.01,8,2,0
10/26/2015 0:00,295.01,8,2,0
10/27/2015 0:00,294.73,8,2,0
10/28/2015 0:00,294.73,8,2,0
10/29/2015 0:00,310.36,8,2,0
10/30/2015 0:00,310.36,8,2,0
10/31/2015 0:00,310.92,8,2,0
11/1/2015 0:00,310.92,9,4,0
11/2/2015 0:00,340.69,9,4,0
11/3/2015 0:00,340.69,9,4,0
11/4/2015 0:00,437.05,9,4,0
11/5/2015 0:00,437.05,9,4,0
11/6/2015 0:00,388.38,9,4,0
11/7/2015 0:00,388.38,9,4,0
11/8/2015 0:00,381.51,6,3,0
11/9/2015 0:00,381.51,6,3,0
11/10/2015 0:00,353.58,6,3,0
11/11/2015 0:00,353.58,6,3,0
11/12/2015 0:00,331.6,6,3,0
11/13/2015 0:00,331.6,6,3,0
11/14/2015 0:00,331.9,6,3,0
11/15/2015 0:00,331.9,6,2,0
11/16/2015 0:00,329.32,6,2,0
11/17/2015 0:00,329.32,6,2,0
11/18/2015 0:00,334.46,6,2,0
11/19/2015 0:00,334.46,6,2,0
11/20/2015 0:00,320.62,6,2,0
11/21/2015 0:00,320.62,6,2,0
11/22/2015 0:00,322.33,6,2,0
11/23/2015 0:00,322.33,6,2,0
11/24/2015 0:00,321.1,6,2,0
11/25/2015 0:00,321.1,6,2,0
11/26/2015 0:00,348,6,2,0
11/27/2015 0:00,348,6,2,0
11/28/2015 0:00,353.88,6,2,0
11/29/2015 0:00,353.88,6,2,0
11/30/2015 0:00,372.53,6,2,0
12/1/2015 0:00,372.53,6,2,0
12/2/2015 0:00,360.98,6,2,0
12/3/2015 0:00,360.98,6,2,0
12/4/2015 0:00,360.88,6,2,0
12/5/2015 0:00,360.88,6,2,0
12/6/2015 0:00,390.04,6,4,0
12/7/2015 0:00,390.04,6,4,0
12/8/2015 0:00,394.99,6,4,0
12/9/2015 0:00,394.99,6,4,0
12/10/2015 0:00,415.64,6,4,0
12/11/2015 0:00,415.64,6,4,0
12/12/2015 0:00,426.06,6,4,0
12/13/2015 0:00,426.06,6,3,0
12/14/2015 0:00,445.6,6,3,0
12/15/2015 0:00,445.6,6,3,0
12/16/2015 0:00,454.43,6,3,0
12/17/2015 0:00,454.43,6,3,0
12/18/2015 0:00,458.95,6,3,0
12/19/2015 0:00,458.95,6,3,0
12/20/2015 0:00,434.98,6,3,0
12/21/2015 0:00,434.98,6,3,0
12/22/2015 0:00,435.98,6,3,0
12/23/2015 0:00,435.98,6,3,0
12/24/2015 0:00,453.95,6,3,0
12/25/2015 0:00,453.95,6,3,0
12/26/2015 0:00,417.99,6,3,0
12/27/2015 0:00,417.99,6,2,0
12/28/2015 0:00,423.98,6,2,0
12/29/2015 0:00,423.98,6,2,0
12/30/2015 0:00,428,6,2,0
12/31/2015 0:00,428,6,2,0
1/1/2016 0:00,432.33,6,2,0
1/2/2016 0:00,432.33,6,2,0
1/3/2016 0:00,428.13,6,3,0
1/4/2016 0:00,428.13,6,3,0
1/5/2016 0:00,431.9,6,3,0
1/6/2016 0:00,431.9,6,3,0
1/7/2016 0:00,453.71,6,3,0
1/8/2016 0:00,453.71,6,3,0
1/9/2016 0:00,450.15,6,3,0
1/10/2016 0:00,450.15,6,3,0
1/11/2016 0:00,447.11,6,3,0
1/12/2016 0:00,447.11,6,3,0
1/13/2016 0:00,429.57,6,3,0
1/14/2016 0:00,429.57,6,3,0
1/15/2016 0:00,391.62,6,3,0
1/16/2016 0:00,391.62,6,3,0
1/17/2016 0:00,385.45,6,3,0
1/18/2016 0:00,385.45,6,3,0
1/19/2016 0:00,378.66,6,3,0
1/20/2016 0:00,378.66,6,3,0
1/21/2016 0:00,408,6,3,0
1/22/2016 0:00,408,6,3,0
1/23/2016 0:00,388.5,6,3,0
1/24/2016 0:00,388.5,6,2,0
1/25/2016 0:00,387.09,6,2,0
1/26/2016 0:00,387.09,6,2,0
1/27/2016 0:00,394.45,6,2,0
1/28/2016 0:00,394.45,6,2,0
1/29/2016 0:00,377.26,6,2,0
1/30/2016 0:00,377.26,6,2,0
1/31/2016 0:00,376.86,5,2,0
2/1/2016 0:00,376.86,5,2,0
2/2/2016 0:00,373.48,5,2,0
2/3/2016 0:00,373.48,5,2,0
2/4/2016 0:00,385.06,5,2,0
2/5/2016 0:00,385.06,5,2,0
2/6/2016 0:00,373.04,5,2,0
2/7/2016 0:00,373.04,5,2,0
2/8/2016 0:00,375.8,5,2,0
2/9/2016 0:00,375.8,5,2,0
2/10/2016 0:00,378.98,5,2,0
2/11/2016 0:00,378.98,5,2,0
2/12/2016 0:00,381.46,5,2,0
2/13/2016 0:00,381.46,5,2,0
2/14/2016 0:00,402.38,5,3,0
2/15/2016 0:00,402.38,5,3,0
2/16/2016 0:00,406.69,5,3,0
2/17/2016 0:00,406.69,5,3,0
2/18/2016 0:00,418.97,5,3,0
2/19/2016 0:00,418.97,5,3,0
2/20/2016 0:00,439.48,5,3,0
2/21/2016 0:00,439.48,6,2,0
2/22/2016 0:00,438.5,6,2,0
2/23/2016 0:00,438.5,6,2,0
2/24/2016 0:00,423.1,6,2,0
2/25/2016 0:00,423.1,6,2,0
2/26/2016 0:00,424.34,6,2,0
2/27/2016 0:00,424.34,6,2,0
2/28/2016 0:00,433.47,5,2,0
2/29/2016 0:00,433.47,5,2,0
3/1/2016 0:00,431.87,5,2,0
3/2/2016 0:00,431.87,5,2,0
3/3/2016 0:00,421.44,5,2,0
3/4/2016 0:00,421.44,5,2,0
3/5/2016 0:00,401,5,2,0
3/6/2016 0:00,401,5,2,0
3/7/2016 0:00,411.94,5,2,0
3/8/2016 0:00,411.94,5,2,0
3/9/2016 0:00,413.1,5,2,0
3/10/2016 0:00,413.1,5,2,0
3/11/2016 0:00,421.22,5,2,0
3/12/2016 0:00,421.22,5,2,0
3/13/2016 0:00,412.44,5,2,1
3/14/2016 0:00,412.44,5,2,1
3/15/2016 0:00,414.78,5,2,1
3/16/2016 0:00,414.78,5,2,1
3/17/2016 0:00,418.64,5,2,1
3/18/2016 0:00,418.64,5,2,1
3/19/2016 0:00,405.59,5,2,1
3/20/2016 0:00,405.59,5,2,1
3/21/2016 0:00,410.49,5,2,1
3/22/2016 0:00,410.49,5,2,1
3/23/2016 0:00,417.8,5,2,1
3/24/2016 0:00,417.8,5,2,1
3/25/2016 0:00,416.44,5,2,1
3/26/2016 0:00,416.44,5,2,1
3/27/2016 0:00,426.8,6,2,1
3/28/2016 0:00,426.8,6,2,1
3/29/2016 0:00,414,6,2,1
3/30/2016 0:00,414,6,2,1
3/31/2016 0:00,416.94,6,2,1
4/1/2016 0:00,416.94,6,2,1
4/2/2016 0:00,418.07,6,2,1
4/3/2016 0:00,418.07,6,2,0
4/4/2016 0:00,418.99,6,2,0
4/5/2016 0:00,418.99,6,2,0
4/6/2016 0:00,421.09,6,2,0
4/7/2016 0:00,421.09,6,2,0
4/8/2016 0:00,422.2,6,2,0
4/9/2016 0:00,422.2,6,2,0
4/10/2016 0:00,421.63,6,2,0
4/11/2016 0:00,421.63,6,2,0
4/12/2016 0:00,425.89,6,2,0
4/13/2016 0:00,425.89,6,2,0
4/14/2016 0:00,423.76,6,2,0
4/15/2016 0:00,423.76,6,2,0
4/16/2016 0:00,429.43,6,2,0
4/17/2016 0:00,429.43,6,2,0
4/18/2016 0:00,427.28,6,2,0
4/19/2016 0:00,427.28,6,2,0
4/20/2016 0:00,442.34,6,2,0
4/21/2016 0:00,442.34,6,2,0
4/22/2016 0:00,447.25,6,2,0
4/23/2016 0:00,447.25,6,2,0
4/24/2016 0:00,459.4,6,3,0
4/25/2016 0:00,459.4,6,3,0
4/26/2016 0:00,467.98,6,3,0
4/27/2016 0:00,467.98,6,3,0
4/28/2016 0:00,450,6,3,0
4/29/2016 0:00,450,6,3,0
4/30/2016 0:00,447.17,6,3,0
5/1/2016 0:00,447.17,6,4,0
5/2/2016 0:00,443.9,6,4,0
5/3/2016 0:00,443.9,6,4,0
5/4/2016 0:00,447.37,6,4,0
5/5/2016 0:00,447.37,6,4,0
5/6/2016 0:00,460.91,6,4,0
5/7/2016 0:00,460.91,6,4,0
5/8/2016 0:00,457.82,6,3,0
5/9/2016 0:00,457.82,6,3,0
5/10/2016 0:00,450,6,3,0
5/11/2016 0:00,450,6,3,0
5/12/2016 0:00,454.7,6,3,0
5/13/2016 0:00,454.7,6,3,0
5/14/2016 0:00,455.65,6,3,0
5/15/2016 0:00,455.65,6,2,0
5/16/2016 0:00,454.88,6,2,0
5/17/2016 0:00,454.88,6,2,0
5/18/2016 0:00,452.9,6,2,0
5/19/2016 0:00,452.9,6,2,0
5/20/2016 0:00,441.25,6,2,0
5/21/2016 0:00,441.25,6,2,0
5/22/2016 0:00,438,6,2,1
5/23/2016 0:00,438,6,2,1
5/24/2016 0:00,445.34,6,2,1
5/25/2016 0:00,445.34,6,2,1
5/26/2016 0:00,452.49,6,2,1
5/27/2016 0:00,452.49,6,2,1
5/28/2016 0:00,522.43,6,2,1
5/29/2016 0:00,522.43,8,3,1
5/30/2016 0:00,525.15,8,3,1
5/31/2016 0:00,525.15,8,3,1
6/1/2016 0:00,539.47,8,3,1
6/2/2016 0:00,539.47,8,3,1
6/3/2016 0:00,568,8,3,1
6/4/2016 0:00,568,8,3,1
6/5/2016 0:00,574.02,7,3,1
6/6/2016 0:00,574.02,7,3,1
6/7/2016 0:00,577.54,7,3,1
6/8/2016 0:00,577.54,7,3,1
6/9/2016 0:00,575.2941375,7,3,1
6/10/2016 0:00,575.2941375,7,3,1
6/11/2016 0:00,594.4399875,7,3,1
6/12/2016 0:00,594.4399875,10,4,1
6/13/2016 0:00,702.0665,10,4,1
6/14/2016 0:00,702.0665,10,4,1
6/15/2016 0:00,692.289625,10,4,1
6/16/2016 0:00,692.289625,10,4,1
6/17/2016 0:00,743.9164,10,4,1
6/18/2016 0:00,743.9164,10,4,1
6/19/2016 0:00,760.8168,13,4,1
6/20/2016 0:00,760.8168,13,4,1
6/21/2016 0:00,665.9586125,13,4,1
6/22/2016 0:00,665.9586125,13,4,1
6/23/2016 0:00,624.542,13,4,1
6/24/2016 0:00,624.542,13,4,1
6/25/2016 0:00,664.9068875,13,4,1
6/26/2016 0:00,664.9068875,11,3,1
6/27/2016 0:00,646.7030125,11,3,1
6/28/2016 0:00,646.7030125,11,3,1
6/29/2016 0:00,637.959625,11,3,1
6/30/2016 0:00,637.959625,11,3,1
7/1/2016 0:00,675.1863375,11,3,1
7/2/2016 0:00,675.1863375,11,3,1
7/3/2016 0:00,658.4175,10,3,1
7/4/2016 0:00,658.4175,10,3,1
7/5/2016 0:00,666.4855875,10,3,1
7/6/2016 0:00,666.4855875,10,3,1
7/7/2016 0:00,636.3588625,10,3,1
7/8/2016 0:00,636.3588625,10,3,1
7/9/2016 0:00,651.8649125,10,3,1
7/10/2016 0:00,651.8649125,9,3,1
7/11/2016 0:00,647.9837,9,3,1
7/12/2016 0:00,647.9837,9,3,1
7/13/2016 0:00,657.4524875,9,3,1
7/14/2016 0:00,657.4524875,9,3,1
7/15/2016 0:00,664.57145,9,3,1
7/16/2016 0:00,664.57145,9,3,1
7/17/2016 0:00,675.45905,7,3,1
7/18/2016 0:00,675.45905,7,3,1
7/19/2016 0:00,672.8432,7,3,1
7/20/2016 0:00,672.8432,7,3,1
7/21/2016 0:00,664.882075,7,3,1
7/22/2016 0:00,664.882075,7,3,1
7/23/2016 0:00,655.8469125,7,3,1
7/24/2016 0:00,655.8469125,7,3,1
7/25/2016 0:00,654.69545,7,3,1
7/26/2016 0:00,654.69545,7,3,1
7/27/2016 0:00,654.9810375,7,3,1
7/28/2016 0:00,654.9810375,7,3,1
7/29/2016 0:00,656.8876125,7,3,1
7/30/2016 0:00,656.8876125,7,3,1
7/31/2016 0:00,628.015375,10,3,1
8/1/2016 0:00,628.015375,10,3,1
8/2/2016 0:00,515.0619,10,3,1
8/3/2016 0:00,515.0619,10,3,1
8/4/2016 0:00,577.3157714,10,3,1
8/5/2016 0:00,577.3157714,10,3,1
8/6/2016 0:00,588.2312714,10,3,1
8/7/2016 0:00,588.2312714,16,3,1
8/8/2016 0:00,592.6975,16,3,1
8/9/2016 0:00,592.6975,16,3,1
8/10/2016 0:00,592.1899,16,3,1
8/11/2016 0:00,592.1899,16,3,1
8/12/2016 0:00,587.7556,16,3,1
8/13/2016 0:00,587.7556,16,3,1
8/14/2016 0:00,570.9764143,13,2,1
8/15/2016 0:00,570.9764143,13,2,1
8/16/2016 0:00,581.1185875,13,2,1
8/17/2016 0:00,581.1185875,13,2,1
8/18/2016 0:00,576.0360875,13,2,1
8/19/2016 0:00,576.0360875,13,2,1
8/20/2016 0:00,583.2078625,13,2,1
8/21/2016 0:00,583.2078625,15,2,1
8/22/2016 0:00,588.9727625,15,2,1
8/23/2016 0:00,588.9727625,15,2,1
8/24/2016 0:00,582.8479875,15,2,1
8/25/2016 0:00,582.8479875,15,2,1
8/26/2016 0:00,581.07245,15,2,1
8/27/2016 0:00,581.07245,15,2,1
8/28/2016 0:00,576.534,12,2,1
8/29/2016 0:00,576.534,12,2,1
8/30/2016 0:00,578.616575,12,2,1
8/31/2016 0:00,578.616575,12,2,1
9/1/2016 0:00,572.818375,12,2,1
9/2/2016 0:00,572.818375,12,2,1
9/3/2016 0:00,600.8860875,12,2,1
9/4/2016 0:00,600.8860875,12,3,1
9/5/2016 0:00,608.10975,12,3,1
9/6/2016 0:00,608.10975,12,3,1
9/7/2016 0:00,614.4637625,12,3,1
9/8/2016 0:00,614.4637625,12,3,1
9/9/2016 0:00,625.0709,12,3,1
9/10/2016 0:00,625.0709,12,3,1
9/11/2016 0:00,608.15855,11,3,1
9/12/2016 0:00,608.15855,11,3,1
9/13/2016 0:00,610.928125,11,3,1
9/14/2016 0:00,610.928125,11,3,1
9/15/2016 0:00,610.386125,11,3,1
9/16/2016 0:00,610.386125,11,3,1
9/17/2016 0:00,608.006875,11,3,1
9/18/2016 0:00,608.006875,10,2,1
9/19/2016 0:00,610.1965,10,2,1
9/20/2016 0:00,610.1965,10,2,1
9/21/2016 0:00,598.884875,10,2,1
9/22/2016 0:00,598.884875,10,2,1
9/23/2016 0:00,604.2225,10,2,1
9/24/2016 0:00,604.2225,10,2,1
9/25/2016 0:00,601.7472375,7,2,1
9/26/2016 0:00,601.7472375,7,2,1
9/27/2016 0:00,605.9622125,7,2,1
9/28/2016 0:00,605.9622125,7,2,1
9/29/2016 0:00,606.36375,7,2,1
9/30/2016 0:00,606.36375,7,2,1
10/1/2016 0:00,614.8238,7,2,1
10/2/2016 0:00,614.8238,7,2,1
10/3/2016 0:00,611.8511,7,2,1
10/4/2016 0:00,611.8511,7,2,1
10/5/2016 0:00,612.3522875,7,2,1
10/6/2016 0:00,612.3522875,7,2,1
10/7/2016 0:00,617.21035,7,2,1
10/8/2016 0:00,617.21035,7,2,1
10/9/2016 0:00,615.65675,7,3,1
10/10/2016 0:00,615.65675,7,3,1
10/11/2016 0:00,639.30995,7,3,1
10/12/2016 0:00,639.30995,7,3,1
10/13/2016 0:00,635.9650875,7,3,1
10/14/2016 0:00,635.9650875,7,3,1
10/15/2016 0:00,637.9498571,7,3,1
10/16/2016 0:00,637.9498571,6,2,1
10/17/2016 0:00,638.1833875,6,2,1
10/18/2016 0:00,638.1833875,6,2,1
10/19/2016 0:00,629.253675,6,2,1
10/20/2016 0:00,629.253675,6,2,1
10/21/2016 0:00,631.9242125,6,2,1
10/22/2016 0:00,631.9242125,6,2,1
10/23/2016 0:00,653.0028625,7,3,1
10/24/2016 0:00,653.0028625,7,3,1
10/25/2016 0:00,655.31995,7,3,1
10/26/2016 0:00,655.31995,7,3,1
10/27/2016 0:00,682.2239625,7,3,1
10/28/2016 0:00,682.2239625,7,3,1
10/29/2016 0:00,714.89545,7,3,1
10/30/2016 0:00,714.89545,7,3,1
10/31/2016 0:00,702.0015125,7,3,1
11/1/2016 0:00,702.0015125,7,3,1
11/2/2016 0:00,733.336125,7,3,1
11/3/2016 0:00,733.336125,7,3,1
11/4/2016 0:00,703.6940875,7,3,1
11/5/2016 0:00,703.6940875,7,3,1
11/6/2016 0:00,712.00325,7,3,1
11/7/2016 0:00,712.00325,7,3,1
11/8/2016 0:00,708.974875,7,3,1
11/9/2016 0:00,708.974875,7,3,1
11/10/2016 0:00,713.690125,7,3,1
11/11/2016 0:00,713.690125,7,3,1
11/12/2016 0:00,703.718,7,3,1
11/13/2016 0:00,703.718,7,3,1
11/14/2016 0:00,706.467875,7,3,1
11/15/2016 0:00,706.467875,7,3,1
11/16/2016 0:00,736.914375,7,3,1
11/17/2016 0:00,736.914375,7,3,1
11/18/2016 0:00,747.5217625,7,3,1
11/19/2016 0:00,747.5217625,7,3,1
11/20/2016 0:00,729.066625,7,3,1
11/21/2016 0:00,729.066625,7,3,1
11/22/2016 0:00,748.749375,7,3,1
11/23/2016 0:00,748.749375,7,3,1
11/24/2016 0:00,737.450375,7,3,1
11/25/2016 0:00,737.450375,7,3,1
11/26/2016 0:00,733.673,7,3,1
11/27/2016 0:00,733.673,7,3,1
11/28/2016 0:00,733.052125,7,3,1
11/29/2016 0:00,733.052125,7,3,1
11/30/2016 0:00,742.6967625,7,3,1
12/1/2016 0:00,742.6967625,7,3,1
12/2/2016 0:00,772.43725,7,3,1
12/3/2016 0:00,772.43725,7,3,1
12/4/2016 0:00,764.81625,7,3,1
12/5/2016 0:00,764.81625,7,3,1
12/6/2016 0:00,756.6215,7,3,1
12/7/2016 0:00,756.6215,7,3,1
12/8/2016 0:00,769.72975,7,3,1
12/9/2016 0:00,769.72975,7,3,1
12/10/2016 0:00,773.40125,7,3,1
12/11/2016 0:00,773.40125,7,3,1
12/12/2016 0:00,777.006875,7,3,1
12/13/2016 0:00,777.006875,7,3,1
12/14/2016 0:00,774.897,7,3,1
12/15/2016 0:00,774.897,7,3,1
12/16/2016 0:00,781.568375,7,3,1
12/17/2016 0:00,781.568375,7,3,1
12/18/2016 0:00,788.40575,9,4,1
12/19/2016 0:00,788.40575,9,4,1
12/20/2016 0:00,793.0901375,9,4,1
12/21/2016 0:00,793.0901375,9,4,1
12/22/2016 0:00,860.599875,9,4,1
12/23/2016 0:00,860.599875,9,4,1
12/24/2016 0:00,891.6126125,9,4,1
12/25/2016 0:00,891.6126125,10,5,1
12/26/2016 0:00,897.335375,10,5,1
12/27/2016 0:00,897.335375,10,5,1
12/28/2016 0:00,967.480375,10,5,1
12/29/2016 0:00,967.480375,10,5,1
12/30/2016 0:00,952.156375,10,5,1
12/31/2016 0:00,952.156375,10,5,1
1/1/2017 0:00,997.729875,13,7,2
1/2/2017 0:00,997.729875,13,7,2
1/3/2017 0:00,1023.141875,13,7,2
1/4/2017 0:00,1023.141875,13,7,2
1/5/2017 0:00,994.674875,13,7,2
1/6/2017 0:00,994.674875,13,7,2
1/7/2017 0:00,896.830375,13,7,2
1/8/2017 0:00,896.830375,10,6,1
1/9/2017 0:00,894.18025,10,6,1
1/10/2017 0:00,894.18025,10,6,1
1/11/2017 0:00,785.2237375,10,6,1
1/12/2017 0:00,785.2237375,10,6,1
1/13/2017 0:00,826.2956625,10,6,1
1/14/2017 0:00,826.2956625,10,6,1
1/15/2017 0:00,822.2076,9,4,1
1/16/2017 0:00,822.2076,9,4,1
1/17/2017 0:00,903.84575,9,4,1
1/18/2017 0:00,903.84575,9,4,1
1/19/2017 0:00,895.798875,9,4,1
1/20/2017 0:00,895.798875,9,4,1
1/21/2017 0:00,920.4479,9,4,1
1/22/2017 0:00,920.4479,8,4,1
1/23/2017 0:00,922.0736125,8,4,1
1/24/2017 0:00,922.0736125,8,4,1
1/25/2017 0:00,893.045625,8,4,1
1/26/2017 0:00,893.045625,8,4,1
1/27/2017 0:00,919.27975,8,4,1
1/28/2017 0:00,919.27975,8,4,1
1/29/2017 0:00,915.933,9,4,1
1/30/2017 0:00,915.933,9,4,1
1/31/2017 0:00,964.706075,9,4,1
2/1/2017 0:00,964.706075,9,4,1
2/2/2017 0:00,1007.613713,9,4,1
2/3/2017 0:00,1007.613713,9,4,1
2/4/2017 0:00,1030.999413,9,4,1
2/5/2017 0:00,1030.999413,10,5,1
2/6/2017 0:00,1024.01375,10,5,1
2/7/2017 0:00,1024.01375,10,5,1
2/8/2017 0:00,1052.376613,10,5,1
2/9/2017 0:00,1052.376613,10,5,1
2/10/2017 0:00,999.1035,10,5,1
2/11/2017 0:00,999.1035,10,5,1
2/12/2017 0:00,1000.604625,8,4,1
2/13/2017 0:00,1000.604625,8,4,1
2/14/2017 0:00,1011.78025,8,4,1
2/15/2017 0:00,1011.78025,8,4,1
2/16/2017 0:00,1035.208125,8,4,1
2/17/2017 0:00,1035.208125,8,4,1
2/18/2017 0:00,1056.637137,8,4,1
2/19/2017 0:00,1056.637137,10,5,1
2/20/2017 0:00,1084.755013,10,5,1
2/21/2017 0:00,1084.755013,10,5,1
2/22/2017 0:00,1123.223188,10,5,1
2/23/2017 0:00,1123.223188,10,5,1
2/24/2017 0:00,1174.86625,10,5,1
2/25/2017 0:00,1174.86625,10,5,1
2/26/2017 0:00,1175.04975,11,6,1
2/27/2017 0:00,1175.04975,11,6,1
2/28/2017 0:00,1187.565286,11,6,1
3/1/2017 0:00,1187.565286,11,6,1
3/2/2017 0:00,1259.410817,11,6,1
3/3/2017 0:00,1259.410817,11,6,1
3/4/2017 0:00,1267.0272,11,6,1
3/5/2017 0:00,1267.0272,11,7,1
3/6/2017 0:00,1275.197375,11,7,1
3/7/2017 0:00,1275.197375,11,7,1
3/8/2017 0:00,1157.3933,11,7,1
3/9/2017 0:00,1157.3933,11,7,1
3/10/2017 0:00,1098.617129,11,7,1
3/11/2017 0:00,1098.617129,11,7,1
3/12/2017 0:00,1227.494625,12,6,2
3/13/2017 0:00,1227.494625,12,6,2
3/14/2017 0:00,1245.370786,12,6,2
3/15/2017 0:00,1245.370786,12,6,2
3/16/2017 0:00,1180.945657,12,6,2
3/17/2017 0:00,1180.945657,12,6,2
3/18/2017 0:00,952.2323625,12,6,2
3/19/2017 0:00,952.2323625,13,6,2
3/20/2017 0:00,1049.084488,13,6,2
3/21/2017 0:00,1049.084488,13,6,2
3/22/2017 0:00,1028.726863,13,6,2
3/23/2017 0:00,1028.726863,13,6,2
3/24/2017 0:00,941.9197143,13,6,2
3/25/2017 0:00,941.9197143,13,6,2
3/26/2017 0:00,956.7863125,11,5,2
3/27/2017 0:00,956.7863125,11,5,2
3/28/2017 0:00,1046.127625,11,5,2
3/29/2017 0:00,1046.127625,11,5,2
3/30/2017 0:00,1037.90455,11,5,2
3/31/2017 0:00,1037.90455,11,5,2
4/1/2017 0:00,1086.929571,11,5,2
4/2/2017 0:00,1086.929571,11,5,2
4/3/2017 0:00,1141.813,11,5,2
4/4/2017 0:00,1141.813,11,5,2
4/5/2017 0:00,1133.079314,11,5,2
4/6/2017 0:00,1133.079314,11,5,2
4/7/2017 0:00,1190.45425,11,5,2
4/8/2017 0:00,1190.45425,11,5,2
4/9/2017 0:00,1208.8005,11,5,2
4/10/2017 0:00,1208.8005,11,5,2
4/11/2017 0:00,1226.617038,11,5,2
4/12/2017 0:00,1226.617038,11,5,2
4/13/2017 0:00,1180.023713,11,5,2
4/14/2017 0:00,1180.023713,11,5,2
4/15/2017 0:00,1184.880671,11,5,2
4/16/2017 0:00,1184.880671,10,5,2
4/17/2017 0:00,1205.634875,10,5,2
4/18/2017 0:00,1205.634875,10,5,2
4/19/2017 0:00,1217.930088,10,5,2
4/20/2017 0:00,1217.930088,10,5,2
4/21/2017 0:00,1258.361413,10,5,2
4/22/2017 0:00,1258.361413,10,5,2
4/23/2017 0:00,1257.988113,11,5,3
4/24/2017 0:00,1257.988113,11,5,3
4/25/2017 0:00,1279.414688,11,5,3
4/26/2017 0:00,1279.414688,11,5,3
4/27/2017 0:00,1345.353913,11,5,3
4/28/2017 0:00,1345.353913,11,5,3
4/29/2017 0:00,1334.979038,11,5,3
4/30/2017 0:00,1334.979038,14,7,4
5/1/2017 0:00,1417.172813,14,7,4
5/2/2017 0:00,1417.172813,14,7,4
5/3/2017 0:00,1507.576857,14,7,4
5/4/2017 0:00,1507.576857,14,7,4
5/5/2017 0:00,1533.335071,14,7,4
5/6/2017 0:00,1533.335071,14,7,4
5/7/2017 0:00,1535.868429,17,10,5
5/8/2017 0:00,1535.868429,17,10,5
5/9/2017 0:00,1721.284971,17,10,5
5/10/2017 0:00,1721.284971,17,10,5
5/11/2017 0:00,1820.990563,17,10,5
5/12/2017 0:00,1820.990563,17,10,5
5/13/2017 0:00,1771.920013,17,10,5
5/14/2017 0:00,1771.920013,17,11,5
5/15/2017 0:00,1723.126938,17,11,5
5/16/2017 0:00,1723.126938,17,11,5
5/17/2017 0:00,1807.485063,17,11,5
5/18/2017 0:00,1807.485063,17,11,5
5/19/2017 0:00,1961.520488,17,11,5
5/20/2017 0:00,1961.520488,17,11,5
5/21/2017 0:00,2046.534463,26,19,11
5/22/2017 0:00,2046.534463,26,19,11
5/23/2017 0:00,2287.710288,26,19,11
5/24/2017 0:00,2287.710288,26,19,11
5/25/2017 0:00,2387.206286,26,19,11
5/26/2017 0:00,2387.206286,26,19,11
5/27/2017 0:00,2014.052963,26,19,11
5/28/2017 0:00,2014.052963,20,12,9
5/29/2017 0:00,2275.9307,20,12,9
5/30/2017 0:00,2275.9307,20,12,9
5/31/2017 0:00,2285.933914,20,12,9
6/1/2017 0:00,2285.933914,20,12,9
6/2/2017 0:00,2446.142414,20,12,9
6/3/2017 0:00,2446.142414,20,12,9
6/4/2017 0:00,2516.173143,21,12,11
6/5/2017 0:00,2516.173143,21,12,11
6/6/2017 0:00,2883.313697,21,12,11
6/7/2017 0:00,2883.313697,21,12,11
6/8/2017 0:00,2792.999188,21,12,11
6/9/2017 0:00,2792.999188,21,12,11
6/10/2017 0:00,2845.372857,21,12,11
6/11/2017 0:00,2845.372857,25,13,14
6/12/2017 0:00,2657.675063,25,13,14
6/13/2017 0:00,2657.675063,25,13,14
6/14/2017 0:00,2447.041563,25,13,14
6/15/2017 0:00,2447.041563,25,13,14
6/16/2017 0:00,2464.959814,25,13,14
6/17/2017 0:00,2464.959814,25,13,14
6/18/2017 0:00,2507.389252,21,11,13
6/19/2017 0:00,2507.389252,21,11,13
6/20/2017 0:00,2754.97825,21,11,13
6/21/2017 0:00,2754.97825,21,11,13
6/22/2017 0:00,2727.288013,21,11,13
6/23/2017 0:00,2727.288013,21,11,13
6/24/2017 0:00,2589.164888,21,11,13
6/25/2017 0:00,2589.164888,20,11,12
6/26/2017 0:00,2436.451057,20,11,12
6/27/2017 0:00,2436.451057,20,11,12
6/28/2017 0:00,2585.349186,20,11,12
6/29/2017 0:00,2585.349186,20,11,12
6/30/2017 0:00,2477.641375,20,11,12
7/1/2017 0:00,2477.641375,20,11,12
7/2/2017 0:00,2501.191343,18,9,10
7/3/2017 0:00,2501.191343,18,9,10
7/4/2017 0:00,2599.729838,18,9,10
7/5/2017 0:00,2599.729838,18,9,10
7/6/2017 0:00,2609.96775,18,9,10
7/7/2017 0:00,2609.96775,18,9,10
7/8/2017 0:00,2562.130662,18,9,10
7/9/2017 0:00,2562.130662,18,10,12
7/10/2017 0:00,2366.170143,18,10,12
7/11/2017 0:00,2366.170143,18,10,12
7/12/2017 0:00,2385.748571,18,10,12
7/13/2017 0:00,2385.748571,18,10,12
7/14/2017 0:00,2190.947833,18,10,12
7/15/2017 0:00,2190.947833,18,10,12
7/16/2017 0:00,1931.2143,23,12,11
7/17/2017 0:00,1931.2143,23,12,11
7/18/2017 0:00,2320.12225,23,12,11
7/19/2017 0:00,2320.12225,23,12,11
7/20/2017 0:00,2898.188417,23,12,11
7/21/2017 0:00,2898.188417,23,12,11
7/22/2017 0:00,2807.609857,23,12,11
7/23/2017 0:00,2807.609857,21,11,10
7/24/2017 0:00,2751.821029,21,11,10
7/25/2017 0:00,2751.821029,21,11,10
7/26/2017 0:00,2495.028586,21,11,10
7/27/2017 0:00,2495.028586,21,11,10
7/28/2017 0:00,2781.636583,21,11,10
7/29/2017 0:00,2781.636583,21,11,10
7/30/2017 0:00,2745.955417,23,15,10
7/31/2017 0:00,2745.955417,23,15,10
8/1/2017 0:00,2710.413067,23,15,10
8/2/2017 0:00,2710.413067,23,15,10
8/3/2017 0:00,2794.117717,23,15,10
8/4/2017 0:00,2794.117717,23,15,10
8/5/2017 0:00,3218.115017,23,15,10
8/6/2017 0:00,3218.115017,24,15,14
8/7/2017 0:00,3407.226833,24,15,14
8/8/2017 0:00,3407.226833,24,15,14
8/9/2017 0:00,3357.326317,24,15,14
8/10/2017 0:00,3357.326317,24,15,14
8/11/2017 0:00,3632.506667,24,15,14
8/12/2017 0:00,3632.506667,24,15,14
8/13/2017 0:00,4125.54802,28,20,17
8/14/2017 0:00,4125.54802,28,20,17
8/15/2017 0:00,4217.028329,28,20,17
8/16/2017 0:00,4217.028329,28,20,17
8/17/2017 0:00,4328.725717,28,20,17
8/18/2017 0:00,4328.725717,28,20,17
8/19/2017 0:00,4222.662214,28,20,17
8/20/2017 0:00,4222.662214,26,16,16
8/21/2017 0:00,4043.722,26,16,16
8/22/2017 0:00,4043.722,26,16,16
8/23/2017 0:00,4174.95,26,16,16
8/24/2017 0:00,4174.95,26,16,16
8/25/2017 0:00,4363.05445,26,16,16
8/26/2017 0:00,4363.05445,26,16,16
8/27/2017 0:00,4354.308333,33,17,19
8/28/2017 0:00,4354.308333,33,17,19
8/29/2017 0:00,4607.98545,33,17,19
8/30/2017 0:00,4607.98545,33,17,19
8/31/2017 0:00,4748.255,33,17,19
9/1/2017 0:00,4748.255,33,17,19
9/2/2017 0:00,4580.38748,33,17,19
9/3/2017 0:00,4580.38748,28,18,19
9/4/2017 0:00,4344.098317,28,18,19
9/5/2017 0:00,4344.098317,28,18,19
9/6/2017 0:00,4641.822017,28,18,19
9/7/2017 0:00,4641.822017,28,18,19
9/8/2017 0:00,4310.750183,28,18,19
9/9/2017 0:00,4310.750183,28,18,19
9/10/2017 0:00,4329.955,30,21,18
9/11/2017 0:00,4329.955,30,21,18
9/12/2017 0:00,4219.036617,30,21,18
9/13/2017 0:00,4219.036617,30,21,18
9/14/2017 0:00,3319.63,30,21,18
9/15/2017 0:00,3319.63,30,21,18
9/16/2017 0:00,3763.62604,30,21,18
9/17/2017 0:00,3763.62604,22,16,14
9/18/2017 0:00,4093.316667,22,16,14
9/19/2017 0:00,4093.316667,22,16,14
9/20/2017 0:00,3977.561667,22,16,14
9/21/2017 0:00,3977.561667,22,16,14
9/22/2017 0:00,3637.50255,22,16,14
9/23/2017 0:00,3637.50255,22,16,14
9/24/2017 0:00,3703.04065,20,13,13
9/25/2017 0:00,3703.04065,20,13,13
9/26/2017 0:00,3910.307383,20,13,13
9/27/2017 0:00,3910.307383,20,13,13
9/28/2017 0:00,4201.98905,20,13,13
9/29/2017 0:00,4201.98905,20,13,13
9/30/2017 0:00,4335.368317,20,13,13
10/1/2017 0:00,4335.368317,21,12,13
10/2/2017 0:00,4386.88375,21,12,13
10/3/2017 0:00,4386.88375,21,12,13
10/4/2017 0:00,4225.175,21,12,13
10/5/2017 0:00,4225.175,21,12,13
10/6/2017 0:00,4345.603333,21,12,13
10/7/2017 0:00,4345.603333,21,12,13
10/8/2017 0:00,4602.280883,27,19,15
10/9/2017 0:00,4602.280883,27,19,15
10/10/2017 0:00,4782.28,27,19,15
10/11/2017 0:00,4782.28,27,19,15
10/12/2017 0:00,5325.130683,27,19,15
10/13/2017 0:00,5325.130683,27,19,15
10/14/2017 0:00,5739.438733,27,19,15
10/15/2017 0:00,5739.438733,26,20,16
10/16/2017 0:00,5711.205867,26,20,16
10/17/2017 0:00,5711.205867,26,20,16
10/18/2017 0:00,5546.1761,26,20,16
10/19/2017 0:00,5546.1761,26,20,16
10/20/2017 0:00,5979.45984,26,20,16
10/21/2017 0:00,5979.45984,26,20,16
10/22/2017 0:00,5983.18455,26,21,15
10/23/2017 0:00,5983.18455,26,21,15
10/24/2017 0:00,5505.827767,26,21,15
10/25/2017 0:00,5505.827767,26,21,15
10/26/2017 0:00,5893.138417,26,21,15
10/27/2017 0:00,5893.138417,26,21,15
10/28/2017 0:00,5776.69695,26,21,15
10/29/2017 0:00,5776.69695,33,28,18
10/30/2017 0:00,6105.87422,33,28,18
10/31/2017 0:00,6105.87422,33,28,18
11/1/2017 0:00,6665.306683,33,28,18
11/2/2017 0:00,6665.306683,33,28,18
11/3/2017 0:00,7197.72006,33,28,18
11/4/2017 0:00,7197.72006,33,28,18
11/5/2017 0:00,7377.012367,35,28,19
11/6/2017 0:00,7377.012367,35,28,19
11/7/2017 0:00,7092.127233,35,28,19
11/8/2017 0:00,7092.127233,35,28,19
11/9/2017 0:00,7158.03706,35,28,19
11/10/2017 0:00,7158.03706,35,28,19
11/11/2017 0:00,6362.851033,35,28,19
11/12/2017 0:00,6362.851033,38,31,21
11/13/2017 0:00,6550.227533,38,31,21
11/14/2017 0:00,6550.227533,38,31,21
11/15/2017 0:00,7301.42992,38,31,21
11/16/2017 0:00,7301.42992,38,31,21
11/17/2017 0:00,7786.884367,38,31,21
11/18/2017 0:00,7786.884367,38,31,21
11/19/2017 0:00,8007.654067,34,28,23
11/20/2017 0:00,8007.654067,34,28,23
11/21/2017 0:00,8059.8,34,28,23
11/22/2017 0:00,8059.8,34,28,23
11/23/2017 0:00,8148.95,34,28,23
11/24/2017 0:00,8148.95,34,28,23
11/25/2017 0:00,8707.407267,34,28,23
11/26/2017 0:00,8707.407267,64,65,42
11/27/2017 0:00,9718.29505,64,65,42
11/28/2017 0:00,9718.29505,64,65,42
11/29/2017 0:00,9879.328333,64,65,42
11/30/2017 0:00,9879.328333,64,65,42
12/1/2017 0:00,10883.912,64,65,42
12/2/2017 0:00,10883.912,64,65,42
12/3/2017 0:00,11332.622,86,92,56
12/4/2017 0:00,11332.622,86,92,56
12/5/2017 0:00,11878.43333,86,92,56
12/6/2017 0:00,11878.43333,86,92,56
12/7/2017 0:00,16501.97167,86,92,56
12/8/2017 0:00,16501.97167,86,92,56
12/9/2017 0:00,15142.83415,86,92,56
12/10/2017 0:00,15142.83415,82,85,82
12/11/2017 0:00,16762.11667,82,85,82
12/12/2017 0:00,16762.11667,82,85,82
12/13/2017 0:00,16808.36667,82,85,82
12/14/2017 0:00,16808.36667,82,85,82
12/15/2017 0:00,17771.9,82,85,82
12/16/2017 0:00,17771.9,82,85,82
12/17/2017 0:00,19289.785,100,100,95
12/18/2017 0:00,19289.785,100,100,95
12/19/2017 0:00,17737.11167,100,100,95
12/20/2017 0:00,17737.11167,100,100,95
12/21/2017 0:00,16047.51,100,100,95
12/22/2017 0:00,16047.51,100,100,95
12/23/2017 0:00,15360.26167,100,100,95
12/24/2017 0:00,15360.26167,73,62,73
12/25/2017 0:00,14119.02833,73,62,73
12/26/2017 0:00,14119.02833,73,62,73
12/27/2017 0:00,15589.32167,73,62,73
12/28/2017 0:00,15589.32167,73,62,73
12/29/2017 0:00,14640.14,73,62,73
12/30/2017 0:00,14640.14,73,62,73
12/31/2017 0:00,14165.575,69,48,100
1/1/2018 0:00,14165.575,69,48,100
1/2/2018 0:00,15005.85667,69,48,100
1/3/2018 0:00,15005.85667,69,48,100
1/4/2018 0:00,15199.355,69,48,100
1/5/2018 0:00,15199.355,69,48,100
1/6/2018 0:00,17319.198,69,48,100
1/7/2018 0:00,17319.198,62,46,98
1/8/2018 0:00,15265.90667,62,46,98
1/9/2018 0:00,15265.90667,62,46,98
1/10/2018 0:00,15126.39833,62,46,98
1/11/2018 0:00,15126.39833,62,46,98
1/12/2018 0:00,13912.882,62,46,98
1/13/2018 0:00,13912.882,62,46,98
1/14/2018 0:00,13852.92,65,57,91
1/15/2018 0:00,13852.92,65,57,91
1/16/2018 0:00,11180.99833,65,57,91
1/17/2018 0:00,11180.99833,65,57,91
1/18/2018 0:00,11345.42333,65,57,91
1/19/2018 0:00,11345.42333,65,57,91
1/20/2018 0:00,12950.79333,65,57,91
1/21/2018 0:00,12950.79333,45,38,54
1/22/2018 0:00,10544.59333,45,38,54
1/23/2018 0:00,10544.59333,45,38,54
1/24/2018 0:00,11282.25833,45,38,54
1/25/2018 0:00,11282.25833,45,38,54
1/26/2018 0:00,10969.815,45,38,54
1/27/2018 0:00,10969.815,45,38,54
1/28/2018 0:00,11765.71,46,40,57
1/29/2018 0:00,11765.71,46,40,57
1/30/2018 0:00,10184.06167,46,40,57
1/31/2018 0:00,10184.06167,46,40,57
2/1/2018 0:00,9083.258333,46,40,57
2/2/2018 0:00,9083.258333,46,40,57
2/3/2018 0:00,9076.678333,46,40,57
2/4/2018 0:00,9076.678333,53,48,54
2/5/2018 0:00,6838.816667,53,48,54
2/6/2018 0:00,6838.816667,53,48,54
2/7/2018 0:00,8099.958333,53,48,54
2/8/2018 0:00,8099.958333,53,48,54
2/9/2018 0:00,8535.516667,53,48,54
2/10/2018 0:00,8535.516667,53,48,54
2/11/2018 0:00,8343.455,35,27,34
2/12/2018 0:00,8343.455,35,27,34
2/13/2018 0:00,8597.7675,35,27,34
2/14/2018 0:00,8597.7675,35,27,34
2/15/2018 0:00,9977.154,35,27,34
2/16/2018 0:00,9977.154,35,27,34
2/17/2018 0:00,10841.99167,35,27,34
2/18/2018 0:00,10841.99167,32,24,32
2/19/2018 0:00,11110.965,32,24,32
2/20/2018 0:00,11110.965,32,24,32
2/21/2018 0:00,10532.79167,32,24,32
2/22/2018 0:00,10532.79167,32,24,32
2/23/2018 0:00,10162.11667,32,24,32
2/24/2018 0:00,10162.11667,32,24,32
2/25/2018 0:00,9696.593333,27,19,25
2/26/2018 0:00,9696.593333,27,19,25
2/27/2018 0:00,10763.88333,27,19,25
2/28/2018 0:00,10763.88333,27,19,25
3/1/2018 0:00,11009.38167,27,19,25
3/2/2018 0:00,11009.38167,27,19,25
3/3/2018 0:00,11326.94833,27,19,25
3/4/2018 0:00,11326.94833,25,19,25
3/5/2018 0:00,11595.54,25,19,25
3/6/2018 0:00,11595.54,25,19,25
3/7/2018 0:00,10118.058,25,19,25
3/8/2018 0:00,10118.058,25,19,25
3/9/2018 0:00,9089.278333,25,19,25
3/10/2018 0:00,9089.278333,25,19,25
3/11/2018 0:00,9761.396667,24,19,25
3/12/2018 0:00,9761.396667,24,19,25
3/13/2018 0:00,9154.7,24,19,25
3/14/2018 0:00,9154.7,24,19,25
3/15/2018 0:00,8358.121667,24,19,25
3/16/2018 0:00,8358.121667,24,19,25
3/17/2018 0:00,7993.674644,24,19,25
3/18/2018 0:00,7993.674644,25,18,23
3/19/2018 0:00,8412.033333,25,18,23
3/20/2018 0:00,8412.033333,25,18,23
3/21/2018 0:00,8947.753333,25,18,23
3/22/2018 0:00,8947.753333,25,18,23
3/23/2018 0:00,8686.826667,25,18,23
3/24/2018 0:00,8686.826667,25,18,23
3/25/2018 0:00,8617.296667,22,18,21
3/26/2018 0:00,8617.296667,22,18,21
3/27/2018 0:00,7876.195,22,18,21
3/28/2018 0:00,7876.195,22,18,21
3/29/2018 0:00,7172.28,22,18,21
3/30/2018 0:00,7172.28,22,18,21
3/31/2018 0:00,6935.48,22,18,21
4/1/2018 0:00,6935.48,22,17,20
4/2/2018 0:00,7035.848333,22,17,20
4/3/2018 0:00,7035.848333,22,17,20
4/4/2018 0:00,6787.761667,22,17,20
4/5/2018 0:00,6787.761667,22,17,20
4/6/2018 0:00,6603.876667,22,17,20
4/7/2018 0:00,6603.876667,22,17,20
4/8/2018 0:00,7017.656667,21,16,18
4/9/2018 0:00,7017.656667,21,16,18
4/10/2018 0:00,6787.571667,21,16,18
4/11/2018 0:00,6787.571667,21,16,18
4/12/2018 0:00,7847.845,21,16,18
4/13/2018 0:00,7847.845,21,16,18
4/14/2018 0:00,8036.511051,21,16,18
4/15/2018 0:00,8036.511051,22,14,19
4/16/2018 0:00,8043.803333,22,14,19
4/17/2018 0:00,8043.803333,22,14,19
4/18/2018 0:00,8164.937426,22,14,19
4/19/2018 0:00,8164.937426,22,14,19
4/20/2018 0:00,8852.718333,22,14,19
4/21/2018 0:00,8852.718333,22,14,19
4/22/2018 0:00,8838.548333,23,14,19
4/23/2018 0:00,8838.548333,23,14,19
4/24/2018 0:00,9555.542,23,14,19
4/25/2018 0:00,9555.542,23,14,19
4/26/2018 0:00,9258.398333,23,14,19
4/27/2018 0:00,9258.398333,23,14,19
4/28/2018 0:00,9326.173333,23,14,19
4/29/2018 0:00,9326.173333,21,13,18
4/30/2018 0:00,9259.57,21,13,18
5/1/2018 0:00,9259.57,21,13,18
5/2/2018 0:00,9221.426,21,13,18
5/3/2018 0:00,9221.426,21,13,18
5/4/2018 0:00,9710.73,21,13,18
5/5/2018 0:00,9710.73,21,13,18
5/6/2018 0:00,9630.136277,20,13,17
5/7/2018 0:00,9630.136277,20,13,17
5/8/2018 0:00,9228.608333,20,13,17
5/9/2018 0:00,9228.608333,20,13,17
5/10/2018 0:00,9101.483333,20,13,17
5/11/2018 0:00,9101.483333,20,13,17
5/12/2018 0:00,8484.346667,20,13,17
5/13/2018 0:00,8484.346667,18,11,16
5/14/2018 0:00,8652.038333,18,11,16
5/15/2018 0:00,8652.038333,18,11,16
5/16/2018 0:00,8340.703333,18,11,16
5/17/2018 0:00,8340.703333,18,11,16
5/18/2018 0:00,8240.055,18,11,16
5/19/2018 0:00,8240.055,18,11,16
5/20/2018 0:00,8507.406667,19,11,14
5/21/2018 0:00,8507.406667,19,11,14
5/22/2018 0:00,8015.58,19,11,14
5/23/2018 0:00,8015.58,19,11,14
5/24/2018 0:00,7566.193333,19,11,14
5/25/2018 0:00,7566.193333,19,11,14
5/26/2018 0:00,7342.908333,19,11,14
5/27/2018 0:00,7342.908333,17,11,14
5/28/2018 0:00,7130.541667,17,11,14
5/29/2018 0:00,7130.541667,17,11,14
5/30/2018 0:00,7385.395,17,11,14
5/31/2018 0:00,7385.395,17,11,14
6/1/2018 0:00,7535.146667,17,11,14
6/2/2018 0:00,7535.146667,17,11,14
6/3/2018 0:00,7699.886,16,10,12
6/4/2018 0:00,7699.886,16,10,12
6/5/2018 0:00,7615.722142,16,10,12
6/6/2018 0:00,7615.722142,16,10,12
6/7/2018 0:00,7676.271667,16,10,12
6/8/2018 0:00,7676.271667,16,10,12
6/9/2018 0:00,7564.408333,16,10,12
6/10/2018 0:00,7564.408333,19,12,15
6/11/2018 0:00,6875.678333,19,12,15
6/12/2018 0:00,6875.678333,19,12,15
6/13/2018 0:00,6315.7,19,12,15
6/14/2018 0:00,6315.7,19,12,15
6/15/2018 0:00,6434.088,19,12,15
6/16/2018 0:00,6434.088,19,12,15
6/17/2018 0:00,6464.411667,17,10,13
6/18/2018 0:00,6464.411667,17,10,13
6/19/2018 0:00,6737,17,10,13
6/20/2018 0:00,6737,17,10,13
6/21/2018 0:00,6733.901667,17,10,13
6/22/2018 0:00,6733.901667,17,10,13
6/23/2018 0:00,6141.605833,17,10,13
6/24/2018 0:00,6141.605833,18,11,13
6/25/2018 0:00,6211.4475,18,11,13
6/26/2018 0:00,6211.4475,18,11,13
6/27/2018 0:00,6105.295,18,11,13
6/28/2018 0:00,6105.295,18,11,13
6/29/2018 0:00,5908.7025,18,11,13
6/30/2018 0:00,5908.7025,18,11,13
7/1/2018 0:00,6374.754167,16,10,11
7/2/2018 0:00,6374.754167,16,10,11
7/3/2018 0:00,6613.685833,16,10,11
7/4/2018 0:00,6613.685833,16,10,11
7/5/2018 0:00,6603.376667,16,10,11
7/6/2018 0:00,6603.376667,16,10,11
7/7/2018 0:00,6594.281667,16,10,11
7/8/2018 0:00,6594.281667,15,9,11
7/9/2018 0:00,6723.8725,15,9,11
7/10/2018 0:00,6723.8725,15,9,11
7/11/2018 0:00,6377.363333,15,9,11
7/12/2018 0:00,6377.363333,15,9,11
7/13/2018 0:00,6244.3575,15,9,11
7/14/2018 0:00,6244.3575,15,9,11
7/15/2018 0:00,6316.881667,18,11,13
7/16/2018 0:00,6316.881667,18,11,13
7/17/2018 0:00,6869.910833,18,11,13
7/18/2018 0:00,6869.910833,18,11,13
7/19/2018 0:00,7396.401667,18,11,13
7/20/2018 0:00,7396.401667,18,11,13
7/21/2018 0:00,7352.495385,18,11,13
7/22/2018 0:00,7352.495385,19,12,12
7/23/2018 0:00,7689.884167,19,12,12
7/24/2018 0:00,7689.884167,19,12,12
7/25/2018 0:00,8251.165,19,12,12
7/26/2018 0:00,8251.165,19,12,12
7/27/2018 0:00,8025.2575,19,12,12
7/28/2018 0:00,8025.2575,19,12,12
7/29/2018 0:00,8206.341667,17,10,11
7/30/2018 0:00,8206.341667,17,10,11
7/31/2018 0:00,7916.800833,17,10,11
8/1/2018 0:00,7916.800833,17,10,11
8/2/2018 0:00,7593.149167,17,10,11
8/3/2018 0:00,7593.149167,17,10,11
8/4/2018 0:00,7247.769167,17,10,11
8/5/2018 0:00,7247.769167,18,11,12
8/6/2018 0:00,6988.079167,18,11,12
8/7/2018 0:00,6988.079167,18,11,12
8/8/2018 0:00,6450.366923,18,11,12
8/9/2018 0:00,6450.366923,18,11,12
8/10/2018 0:00,6396.494667,18,11,12
8/11/2018 0:00,6396.494667,18,11,12
8/12/2018 0:00,6311.131667,18,11,12
8/13/2018 0:00,6311.131667,18,11,12
8/14/2018 0:00,6050.9425,18,11,12
8/15/2018 0:00,6050.9425,18,11,12
8/16/2018 0:00,6342.629231,18,11,12
8/17/2018 0:00,6342.629231,18,11,12
8/18/2018 0:00,6436.720833,18,11,12
8/19/2018 0:00,6436.720833,16,10,11
8/20/2018 0:00,6434.559167,16,10,11
8/21/2018 0:00,6434.559167,16,10,11
8/22/2018 0:00,6575.229167,16,10,11
8/23/2018 0:00,6575.229167,16,10,11
8/24/2018 0:00,6543.645714,16,10,11
8/25/2018 0:00,6543.645714,16,10,11
8/26/2018 0:00,6673.274167,17,10,10
8/27/2018 0:00,6673.274167,17,10,10
8/28/2018 0:00,7000.04,17,10,10
8/29/2018 0:00,7000.04,17,10,10
8/30/2018 0:00,6932.6625,17,10,10
8/31/2018 0:00,6932.6625,17,10,10
9/1/2018 0:00,7100.946667,17,10,10
9/2/2018 0:00,7100.946667,20,11,11
9/3/2018 0:00,7260.949231,20,11,11
9/4/2018 0:00,7260.949231,20,11,11
9/5/2018 0:00,7113.069231,20,11,11
9/6/2018 0:00,7113.069231,20,11,11
9/7/2018 0:00,6444.804167,20,11,11
9/8/2018 0:00,6444.804167,20,11,11
9/9/2018 0:00,6286.425833,20,10,11
9/10/2018 0:00,6286.425833,20,10,11
9/11/2018 0:00,6296.320833,20,10,11
9/12/2018 0:00,6296.320833,20,10,11
9/13/2018 0:00,6450.179231,20,10,11
9/14/2018 0:00,6450.179231,20,10,11
9/15/2018 0:00,6518.655,20,10,11
9/16/2018 0:00,6518.655,19,9,11
9/17/2018 0:00,6400.600833,19,9,11
9/18/2018 0:00,6400.600833,19,9,11
9/19/2018 0:00,6335.826667,19,9,11
9/20/2018 0:00,6335.826667,19,9,11
9/21/2018 0:00,6669.990833,19,9,11
9/22/2018 0:00,6669.990833,19,9,11
9/23/2018 0:00,6710.445,18,8,10
9/24/2018 0:00,6710.445,18,8,10
9/25/2018 0:00,6412.459167,18,8,10
9/26/2018 0:00,6412.459167,18,8,10
9/27/2018 0:00,6535.476667,18,8,10
9/28/2018 0:00,6535.476667,18,8,10
9/29/2018 0:00,6550.474167,18,8,10
9/30/2018 0:00,6550.474167,17,8,9
10/1/2018 0:00,6590.968333,17,8,9
10/2/2018 0:00,6590.968333,17,8,9
10/3/2018 0:00,6470.4025,17,8,9
10/4/2018 0:00,6470.4025,17,8,9
10/5/2018 0:00,6568.549167,17,8,9
10/6/2018 0:00,6568.549167,17,8,9
10/7/2018 0:00,6558.5375,17,8,10
10/8/2018 0:00,6558.5375,17,8,10
10/9/2018 0:00,6621.711667,17,8,10
10/10/2018 0:00,6621.711667,17,8,10
10/11/2018 0:00,6248.635833,17,8,10
10/12/2018 0:00,6248.635833,17,8,10
10/13/2018 0:00,6260.645833,17,8,10
10/14/2018 0:00,6260.645833,17,8,9
10/15/2018 0:00,6452.571667,17,8,9
10/16/2018 0:00,6452.571667,17,8,9
10/17/2018 0:00,6596.276154,17,8,9
10/18/2018 0:00,6596.276154,17,8,9
10/19/2018 0:00,6487.444167,17,8,9
10/20/2018 0:00,6487.444167,17,8,9
10/21/2018 0:00,6531.601667,16,7,9
10/22/2018 0:00,6531.601667,16,7,9
10/23/2018 0:00,6481.426,16,7,9
10/24/2018 0:00,6481.426,16,7,9
10/25/2018 0:00,6478.0825,16,7,9
10/26/2018 0:00,6478.0825,16,7,9
10/27/2018 0:00,6465.9175,16,7,9
10/28/2018 0:00,6465.9175,15,8,8
10/29/2018 0:00,6382.668333,15,8,8
10/30/2018 0:00,6382.668333,15,8,8
10/31/2018 0:00,6310.284167,15,8,8
11/1/2018 0:00,6310.284167,15,8,8
11/2/2018 0:00,6387.674167,15,8,8
11/3/2018 0:00,6387.674167,15,8,8
11/4/2018 0:00,6391.873333,13,8,9
11/5/2018 0:00,6391.873333,13,8,9
11/6/2018 0:00,6445.354167,13,8,9
11/7/2018 0:00,6445.354167,13,8,9
11/8/2018 0:00,6486.251667,13,8,9
11/9/2018 0:00,6486.251667,13,8,9
11/10/2018 0:00,6399.033333,13,8,9
11/11/2018 0:00,6399.033333,13,8,9
